"Tabela 1612 - Área plantada, área colhida, quantidade produzida, rendimento médio e valor da produção das lavouras temporárias"
"Nível","Cód.","Unidade da Federação, Município, Mesorregião Geográfica e Microrregião Geográfica","Variável x Ano x Produto das lavouras temporárias"
"Nível","Cód.","Unidade da Federação, Município, Mesorregião Geográfica e Microrregião Geográfica","Área plantada (Hectares)"
"Nível","Cód.","Unidade da Federação, Município, Mesorregião Geográfica e Microrregião Geográfica","2006","2007","2008","2009","2010","2011","2012","2013","2014","2015","2016","2017","2018","2019","2020","2021","2022"
"Nível","Cód.","Unidade da Federação, Município, Mesorregião Geográfica e Microrregião Geográfica","Milho (em grão)","Milho (em grão)","Milho (em grão)","Milho (em grão)","Milho (em grão)","Milho (em grão)","Milho (em grão)","Milho (em grão)","Milho (em grão)","Milho (em grão)","Milho (em grão)","Milho (em grão)","Milho (em grão)","Milho (em grão)","Milho (em grão)","Milho (em grão)","Milho (em grão)"
"UF","43","Rio Grande do Sul","1422060","1365387","1385998","1385754","1151397","1100309","1119220","1033728","925514","854793","740510","831221","706160","763097","751573","780142","783800"
"MU","4300034","Aceguá (RS)","1000","1000","1000","1500","1500","3000","3000","2000","3000","500","500","500","1200","900","1500","1500","1500"
"MU","4300059","Água Santa (RS)","4000","3200","3000","2700","1800","1450","2800","1900","1900","1700","850","850","850","950","1300","1400","980"
"MU","4300109","Agudo (RS)","5000","5000","4500","4000","4000","3000","2000","3000","3000","3500","3450","3500","3500","3500","3500","3500","3500"
"MU","4300208","Ajuricaba (RS)","2200","2000","2200","1800","1000","1400","1700","1600","1300","1130","400","660","410","955","955","955","600"
"MU","4300307","Alecrim (RS)","6500","4500","4500","3100","3500","3500","3000","3500","1000","1000","1000","1000","1000","1400","1400","1000","1000"
"MU","4300406","Alegrete (RS)","8000","7000","3600","4000","8000","5000","4000","5000","5000","4000","4000","4000","4000","3800","3800","3000","4000"
"MU","4300455","Alegria (RS)","2500","2500","3000","3000","1800","1800","1800","1800","700","900","1900","2017","1617","1600","1700","1700","1732"
"MU","4300471","Almirante Tamandaré do Sul (RS)","3000","3000","4000","3800","2500","3000","2600","2900","1812","1812","450","1012","450","500","930","800","800"
"MU","4300505","Alpestre (RS)","12000","12000","10000","10000","10000","10000","9000","9900","8000","8000","5200","5200","3200","3500","3300","2200","3600"
"MU","4300554","Alto Alegre (RS)","1000","700","1000","1200","700","700","600","660","360","400","400","365","365","230","380","380","325"
"MU","4300570","Alto Feliz (RS)","150","200","200","200","200","200","200","200","150","150","150","150","150","170","150","150","150"
"MU","4300604","Alvorada (RS)","10","10","10","10","10","10","10","10","10","10","10","6","6","-","-","-","-"
"MU","4300638","Amaral Ferrador (RS)","1900","1600","1750","1800","1800","1800","1800","1800","1500","1200","1200","1500","1600","1600","1600","1600","1600"
"MU","4300646","Ametista do Sul (RS)","2700","2700","2700","3000","2800","2400","1200","1200","900","900","800","800","800","800","700","1000","900"
"MU","4300661","André da Rocha (RS)","2100","2100","2400","2500","2000","2200","3000","1700","2000","2500","2500","4500","3000","6000","4000","3500","6500"
"MU","4300703","Anta Gorda (RS)","6700","7000","6700","6700","6700","6700","6700","5940","5940","5940","5940","5940","4500","3350","3350","3250","4200"
"MU","4300802","Antônio Prado (RS)","2500","2500","3000","2500","2500","3000","2250","2250","2050","2050","2050","2050","1274","1500","1500","1500","1600"
"MU","4300851","Arambaré (RS)","130","130","130","130","130","80","80","80","80","80","80","80","20","78","78","78","78"
"MU","4300877","Araricá (RS)","30","30","30","30","30","40","45","45","50","50","50","50","20","1","-","1","1"
"MU","4300901","Aratiba (RS)","8000","8000","6000","6000","4500","3150","3500","3500","3250","3250","3100","2800","2000","2500","2500","2500","1500"
"MU","4301008","Arroio do Meio (RS)","3500","2000","2000","1800","1500","1800","2500","1500","1500","1500","800","1400","1300","1500","1300","1200","1200"
"MU","4301057","Arroio do Sal (RS)","25","25","25","25","25","25","50","50","50","50","50","50","50","50","50","7","1"
"MU","4301073","Arroio do Padre (RS)","400","300","300","500","500","200","150","240","300","300","100","350","600","600","600","600","450"
"MU","4301107","Arroio dos Ratos (RS)","350","500","350","350","350","250","200","220","220","220","150","150","200","250","400","500","450"
"MU","4301206","Arroio do Tigre (RS)","8000","8000","8000","7000","6000","6000","6000","5500","5500","5200","3500","3700","3150","3150","3150","3600","4400"
"MU","4301305","Arroio Grande (RS)","800","800","800","900","900","950","920","1200","1200","1200","840","1020","930","1020","1020","740","1150"
"MU","4301404","Arvorezinha (RS)","3240","2700","2800","2800","2400","2400","3000","2900","2900","2700","2600","2600","2600","1500","1500","1600","1600"
"MU","4301503","Augusto Pestana (RS)","1600","1500","1500","1500","400","450","450","280","560","480","580","420","820","740","440","280","100"
"MU","4301552","Áurea (RS)","4000","3000","4500","4300","2700","2400","2950","2300","1800","1400","1000","1500","800","800","1200","1700","1400"
"MU","4301602","Bagé (RS)","1500","1500","1500","1500","1300","900","3000","1500","500","500","400","400","400","400","400","400","400"
"MU","4301636","Balneário Pinhal (RS)","48","48","48","48","48","48","48","48","3","3","3","5","3","4","4","4","4"
"MU","4301651","Barão (RS)","750","750","750","750","700","750","700","700","700","700","700","850","750","750","780","800","800"
"MU","4301701","Barão de Cotegipe (RS)","8900","8500","8000","7500","7000","6000","6000","6000","6300","4400","3080","3700","4148","4148","4148","4148","2904"
"MU","4301750","Barão do Triunfo (RS)","2500","2500","3000","3000","3000","3500","3750","3200","2700","2600","2300","2300","1200","2000","1000","1000","1000"
"MU","4301800","Barracão (RS)","4800","3000","3000","3500","3000","1000","2500","2200","2500","2000","800","800","700","1500","3000","3000","2520"
"MU","4301859","Barra do Guarita (RS)","950","950","1000","1200","850","650","650","850","800","800","800","800","600","600","500","500","390"
"MU","4301875","Barra do Quaraí (RS)","60","-","-","-","-","-","-","-","-","50","70","25","-","-","-","-","-"
"MU","4301909","Barra do Ribeiro (RS)","80","100","150","100","100","100","100","215","215","150","150","150","150","250","250","300","300"
"MU","4301925","Barra do Rio Azul (RS)","4000","3000","3000","2500","1500","1500","1500","1590","1530","1300","1450","1610","1250","1100","1100","1280","1300"
"MU","4301958","Barra Funda (RS)","1000","1000","1200","1300","1200","1000","1000","1000","600","450","450","600","500","400","450","450","315"
"MU","4302006","Barros Cassal (RS)","3600","3400","3000","3000","3000","3000","2400","2400","2400","2400","2400","2400","2400","2400","2000","2500","2300"
"MU","4302055","Benjamin Constant do Sul (RS)","2500","2500","2600","2600","2500","2350","1500","1000","1000","1100","1000","1000","600","630","600","700","700"
"MU","4302105","Bento Gonçalves (RS)","2250","2250","1160","1160","1160","1160","800","900","900","900","900","250","250","330","100","100","100"
"MU","4302154","Boa Vista das Missões (RS)","3500","3500","4500","4500","3375","3300","3790","3900","2700","1900","2000","3000","3500","3150","3500","3500","3600"
"MU","4302204","Boa Vista do Buricá (RS)","3700","3700","4000","4400","4100","4100","4000","4000","1000","1000","800","1000","800","1570","1500","1200","1500"
"MU","4302220","Boa Vista do Cadeado (RS)","3500","3300","3300","3300","2500","2800","4500","4300","3000","2500","2100","2400","1680","2000","2000","2000","2250"
"MU","4302238","Boa Vista do Incra (RS)","4500","3500","5000","5000","2500","2500","3000","2800","2600","2600","2600","2600","1300","1200","1350","1400","1400"
"MU","4302253","Boa Vista do Sul (RS)","800","800","500","600","600","600","600","600","600","600","400","400","400","485","485","485","440"
"MU","4302303","Bom Jesus (RS)","6000","6000","6000","6500","8000","8000","10000","6800","8500","8500","8500","9100","9500","16000","9500","9500","9750"
"MU","4302352","Bom Princípio (RS)","1200","1200","1200","1200","1200","1200","1200","350","400","400","400","200","200","200","400","400","200"
"MU","4302378","Bom Progresso (RS)","2000","1500","1000","1500","800","600","600","600","600","600","700","900","700","900","900","900","700"
"MU","4302402","Bom Retiro do Sul (RS)","450","450","450","450","450","450","450","450","300","300","1000","300","125","160","160","175","80"
"MU","4302451","Boqueirão do Leão (RS)","1500","2000","2000","2000","1700","1700","1200","1200","1200","1200","1300","1600","1600","1600","1600","1600","1400"
"MU","4302501","Bossoroca (RS)","2500","3000","3500","3000","2500","800","1000","1620","1500","1300","1100","2000","1500","1950","2000","2000","2000"
"MU","4302584","Bozano (RS)","850","1150","1150","750","400","400","550","500","410","225","185","410","400","420","410","360","360"
"MU","4302600","Braga (RS)","2000","2970","2200","1900","1200","1250","1200","1200","1130","1130","500","1120","1000","1000","1000","1200","1200"
"MU","4302659","Brochier (RS)","1100","1100","1100","1100","1100","1100","1100","165","165","165","165","165","165","165","165","165","125"
"MU","4302709","Butiá (RS)","700","750","750","600","450","500","300","300","300","300","300","300","150","150","160","200","260"
"MU","4302808","Caçapava do Sul (RS)","2000","3000","2000","2000","2000","2000","900","1700","2000","2000","1500","2000","2000","2000","2000","2000","1500"
"MU","4302907","Cacequi (RS)","1000","1000","1000","1000","1000","800","800","500","500","500","500","700","400","600","600","1100","230"
"MU","4303004","Cachoeira do Sul (RS)","5000","5000","5000","5000","4140","5000","3900","5000","5000","4950","3750","4300","3500","3500","3500","6000","7000"
"MU","4303103","Cachoeirinha (RS)","1","1","1","-","-","-","-","-","...","...","...","...","...","...","...","...","..."
"MU","4303202","Cacique Doble (RS)","4500","4050","4500","4000","3000","3000","3300","2200","2000","1500","700","850","850","850","850","1000","1000"
"MU","4303301","Caibaté (RS)","4000","4400","5000","5000","3500","3500","3500","2800","2500","2176","2070","2320","2320","2200","2480","2590","2800"
"MU","4303400","Caiçara (RS)","5800","5500","6500","6500","6500","6300","6500","5000","5001","5000","3000","3500","3000","3000","3000","2500","2000"
"MU","4303509","Camaquã (RS)","2500","3500","3000","3000","3500","3500","3500","3500","4000","4000","4000","5000","4000","4000","4000","4200","4860"
"MU","4303558","Camargo (RS)","2800","2800","2600","2600","1200","1200","1500","500","200","400","250","250","250","180","250","500","300"
"MU","4303608","Cambará do Sul (RS)","-","-","200","200","350","350","400","450","450","450","400","400","400","400","400","400","600"
"MU","4303673","Campestre da Serra (RS)","2500","2500","2700","2700","1800","1500","2000","1850","2500","2100","2100","2600","1550","2000","1600","1550","4000"
"MU","4303707","Campina das Missões (RS)","6500","6500","6500","6500","6000","5000","4800","4600","1840","1857","1268","1298","1280","2030","2030","2030","2015"
"MU","4303806","Campinas do Sul (RS)","4000","3200","3500","3000","2250","1500","2000","1800","2500","2000","1300","1250","1250","1800","1800","2000","1770"
"MU","4303905","Campo Bom (RS)","30","30","30","30","20","30","25","25","25","30","30","30","30","30","30","30","30"
"MU","4304002","Campo Novo (RS)","2300","2550","2500","2800","2600","2600","3000","3900","3400","3400","2900","2900","2500","2500","3000","3000","3000"
"MU","4304101","Campos Borges (RS)","600","500","500","300","80","50","50","54","90","90","96","172","140","220","190","140","92"
"MU","4304200","Candelária (RS)","11500","11500","11500","11500","8000","8000","8300","8300","7577","7577","7530","8040","6544","5730","5160","5160","5160"
"MU","4304309","Cândido Godói (RS)","7000","7800","8300","8715","7500","7500","7500","7000","2800","2500","2000","2800","2430","2400","2642","2642","1500"
"MU","4304358","Candiota (RS)","3000","3000","3000","3000","3000","2000","2000","2500","2400","1000","1000","800","1000","1100","1000","1000","900"
"MU","4304408","Canela (RS)","350","350","300","250","250","250","260","76","190","190","150","150","150","150","150","150","150"
"MU","4304507","Canguçu (RS)","24500","35000","25000","25000","28000","28000","20200","20200","18000","18000","15000","16000","16000","16000","10000","13000","11900"
"MU","4304606","Canoas (RS)","-","-","-","-","-","-","-","-","-","-","-","-","-","-","-","-","-"
"MU","4304614","Canudos do Vale (RS)","1050","750","750","700","700","450","350","400","400","300","300","300","300","330","300","300","300"
"MU","4304622","Capão Bonito do Sul (RS)","5100","5000","5000","7000","5000","4000","5500","4500","4500","4000","2500","4750","2800","3300","3300","3500","4250"
"MU","4304630","Capão da Canoa (RS)","60","60","60","60","60","20","15","15","15","10","8","8","8","8","5","25","20"
"MU","4304655","Capão do Cipó (RS)","2150","2250","3000","4000","4000","3000","1750","1500","1335","1535","800","1020","1010","720","720","660","850"
"MU","4304663","Capão do Leão (RS)","3500","3500","3500","3500","2300","1600","360","360","360","360","360","360","360","220","340","350","340"
"MU","4304671","Capivari do Sul (RS)","42","42","42","42","42","42","42","42","42","52","25","20","10","20","26","55","60"
"MU","4304689","Capela de Santana (RS)","200","200","200","200","200","200","200","100","50","50","20","15","12","40","40","40","-"
"MU","4304697","Capitão (RS)","910","910","227","370","400","400","400","300","300","300","50","50","50","50","50","50","40"
"MU","4304705","Carazinho (RS)","6000","4000","5000","5000","4000","4800","6000","5000","4580","4400","2600","2600","2200","2300","3000","3000","3500"
"MU","4304713","Caraá (RS)","1400","1400","1400","1400","1400","1400","1400","1400","1100","1000","1000","1000","1100","1100","1100","1100","1100"
"MU","4304804","Carlos Barbosa (RS)","700","700","700","700","700","700","700","700","600","600","600","600","600","900","900","900","960"
"MU","4304853","Carlos Gomes (RS)","3200","3200","3500","3000","2400","2400","3500","2000","1500","1400","1000","1000","1000","1000","1000","1000","800"
"MU","4304903","Casca (RS)","5800","5000","5000","5000","4000","4000","5000","3000","3000","3000","2000","3000","2000","3000","3000","3000","3000"
"MU","4304952","Caseiros (RS)","2000","2000","2000","2000","2000","1500","2000","1200","1000","1000","800","800","800","800","700","1000","800"
"MU","4305009","Catuípe (RS)","3000","3000","2000","2000","1000","3200","2000","1900","3500","3000","2500","2400","2400","1950","2220","3000","2050"
"MU","4305108","Caxias do Sul (RS)","2900","2900","4000","4200","4200","4300","2200","4500","4500","4800","4800","4800","6500","7000","7000","7000","7000"
"MU","4305116","Centenário (RS)","3300","2700","3500","3300","2800","2200","2500","1900","1500","1300","800","1000","900","900","900","900","900"
"MU","4305124","Cerrito (RS)","4000","4000","3000","3000","3000","2500","2500","2000","1500","1000","1000","1100","1000","1000","1000","1000","800"
"MU","4305132","Cerro Branco (RS)","1700","1700","1700","1900","1900","1700","1500","1600","1600","1454","1004","1004","900","900","590","800","800"
"MU","4305157","Cerro Grande (RS)","3400","4200","3400","3400","3000","3400","3000","3000","2000","3000","2300","2300","2000","2000","2000","2000","2000"
"MU","4305173","Cerro Grande do Sul (RS)","2000","3000","3000","2500","2500","2500","3000","3000","3300","3300","3630","3630","3330","2000","1900","2000","2500"
"MU","4305207","Cerro Largo (RS)","4300","4800","4500","4500","4200","3800","4000","4000","2200","2000","2000","2100","2000","2200","2000","2200","2200"
"MU","4305306","Chapada (RS)","8500","8000","9500","8000","7000","6500","8490","8300","6000","5300","4400","5400","3100","4200","4200","3900","600"
"MU","4305355","Charqueadas (RS)","300","300","100","15","60","10","5","22","12","35","45","135","30","30","25","60","60"
"MU","4305371","Charrua (RS)","4000","3500","3000","3500","1800","1500","2000","1500","1200","1000","600","1000","300","800","1000","1000","900"
"MU","4305405","Chiapetta (RS)","2300","1900","2800","2800","1800","2000","2245","1770","2750","2100","1650","3800","2350","2850","3050","3150","3175"
"MU","4305439","Chuí (RS)","-","-","50","70","70","50","60","50","60","30","30","30","30","7","10","10","10"
"MU","4305447","Chuvisca (RS)","4000","4000","4000","4000","4000","4500","4600","4600","4000","3700","2800","2800","2700","2850","2850","2900","3000"
"MU","4305454","Cidreira (RS)","37","37","37","37","35","37","37","37","10","120","120","120","120","70","65","65","80"
"MU","4305504","Ciríaco (RS)","6000","5500","5000","5000","5000","5000","5000","5200","5200","4700","1500","1500","1500","2000","2000","2000","3410"
"MU","4305587","Colinas (RS)","500","400","400","400","300","300","300","300","300","300","300","300","250","250","250","250","-"
"MU","4305603","Colorado (RS)","2500","2300","2500","4500","4000","3500","4500","3000","2830","2000","2000","2000","1200","1220","1500","1520","1520"
"MU","4305702","Condor (RS)","3000","3000","3000","4000","3000","3000","2700","2700","2500","2500","2000","2400","1800","2100","2100","2100","1675"
"MU","4305801","Constantina (RS)","2940","2185","2600","2500","3200","2125","2450","2000","2200","1540","1200","1390","1000","850","900","400","452"
"MU","4305835","Coqueiro Baixo (RS)","950","950","1000","1000","700","600","500","500","400","300","300","200","200","250","250","250","250"
"MU","4305850","Coqueiros do Sul (RS)","4500","3000","5000","3500","3200","3500","4000","3000","3000","1500","1500","1500","703","900","1000","600","620"
"MU","4305871","Coronel Barros (RS)","1200","800","800","800","300","400","350","210","200","200","250","420","415","200","180","200","210"
"MU","4305900","Coronel Bicaco (RS)","3000","4000","4000","4000","4000","3500","4350","4350","3850","4200","4100","4100","4100","3600","3600","3600","3000"
"MU","4305934","Coronel Pilar (RS)","1400","1400","1050","1050","1050","850","750","500","450","450","380","315","300","350","320","330","330"
"MU","4305959","Cotiporã (RS)","2000","2000","2000","2000","2000","2000","700","1150","1150","1150","1100","1000","1000","1100","1000","900","900"
"MU","4305975","Coxilha (RS)","6000","4000","7000","7000","6000","4000","5000","4000","4000","4000","3000","3000","3000","3000","3000","3000","3000"
"MU","4306007","Crissiumal (RS)","4000","4500","3000","7000","2800","2500","2700","2715","2715","2715","2540","3256","3040","3056","3756","3556","3080"
"MU","4306056","Cristal (RS)","3000","3000","3000","3000","2700","3000","2500","2700","2700","2200","1500","1500","1000","800","750","1200","1000"
"MU","4306072","Cristal do Sul (RS)","4000","4000","4000","6000","5000","4000","3500","3000","3000","3000","2800","3000","2000","1900","2000","1800","1900"
"MU","4306106","Cruz Alta (RS)","10000","10000","11000","10500","4000","4000","7080","6940","6000","5500","4500","7500","3500","5100","6500","7000","6400"
"MU","4306130","Cruzaltense (RS)","2100","2000","2000","1800","1000","1000","1250","800","750","750","450","500","1280","1280","1280","1280","1180"
"MU","4306205","Cruzeiro do Sul (RS)","4500","4500","4620","4500","4500","4500","4550","4500","4500","4200","1000","1100","1000","1200","1450","1400","1400"
"MU","4306304","David Canabarro (RS)","4200","4200","4000","4620","3500","3500","3100","2000","2000","1550","1050","1050","1000","1500","1500","1500","1500"
"MU","4306320","Derrubadas (RS)","2000","1900","2000","2400","1300","1400","1400","1900","2200","2200","2000","2300","2300","2300","2300","3500","3500"
"MU","4306353","Dezesseis de Novembro (RS)","1500","1275","1275","1200","700","700","650","530","770","670","470","470","430","320","310","320","370"
"MU","4306379","Dilermando de Aguiar (RS)","1900","950","1100","950","900","900","800","720","740","802","802","450","350","350","350","350","350"
"MU","4306403","Dois Irmãos (RS)","200","200","200","200","200","200","260","100","100","100","100","100","100","100","100","100","100"
"MU","4306429","Dois Irmãos das Missões (RS)","3000","2000","2500","2500","2000","2500","3000","3000","3000","2165","2100","2500","1800","2000","1800","1800","2100"
"MU","4306452","Dois Lajeados (RS)","3200","3100","3100","3100","2600","2600","2600","1900","1600","1350","800","950","800","1000","800","1000","1000"
"MU","4306502","Dom Feliciano (RS)","6000","6500","6500","6300","6000","6000","6000","6000","6000","5000","5000","5000","5000","5000","5000","5000","5000"
"MU","4306551","Dom Pedro de Alcântara (RS)","-","-","-","-","-","-","-","-","-","3","2","-","-","-","-","-","-"
"MU","4306601","Dom Pedrito (RS)","150","500","1000","600","700","200","200","350","358","358","600","1850","1700","550","1500","1200","4380"
"MU","4306700","Dona Francisca (RS)","750","750","750","750","750","750","750","750","750","750","650","650","650","650","420","420","320"
"MU","4306734","Doutor Maurício Cardoso (RS)","8500","6000","7500","7500","7000","7500","8500","9500","8340","7800","6800","6840","6830","6800","6830","6830","6530"
"MU","4306759","Doutor Ricardo (RS)","1680","1500","1550","1500","1455","1455","1535","1500","1400","1400","1200","1200","1200","1000","1000","1000","220"
"MU","4306767","Eldorado do Sul (RS)","160","160","150","150","130","180","80","80","80","450","80","180","80","80","80","80","100"
"MU","4306809","Encantado (RS)","1800","1800","1800","1700","1700","1600","1300","1800","1700","1700","900","900","650","650","650","650","350"
"MU","4306908","Encruzilhada do Sul (RS)","6000","6000","6000","4000","4000","3000","3500","3000","3000","3000","3500","3000","4000","3500","2000","2000","3000"
"MU","4306924","Engenho Velho (RS)","1200","1200","1560","1400","1300","1100","1000","1000","450","350","350","350","180","200","200","250","150"
"MU","4306932","Entre-Ijuís (RS)","5000","1700","3000","5000","3000","3000","2200","2159","2150","2400","2600","3600","3600","3800","4000","3600","4000"
"MU","4306957","Entre Rios do Sul (RS)","2200","2200","2200","2000","1600","1280","1280","1200","1040","800","400","400","400","300","300","300","500"
"MU","4306973","Erebango (RS)","2400","2000","2000","2250","2000","2250","2500","2000","2250","2200","700","900","700","750","750","750","750"
"MU","4307005","Erechim (RS)","4000","3500","3500","3500","2600","2200","2500","2000","1600","1500","1200","1300","800","1320","1320","1350","1000"
"MU","4307054","Ernestina (RS)","1500","1300","1500","2000","1000","1000","1500","1000","1000","900","500","160","80","300","300","300","350"
"MU","4307104","Herval (RS)","3000","3000","2500","2500","2000","2000","2400","2400","950","2325","2400","2600","1500","1800","1400","1500","1400"
"MU","4307203","Erval Grande (RS)","3500","3500","2800","1400","1500","1500","1500","1500","1500","1200","1100","1200","1200","1200","1200","800","400"
"MU","4307302","Erval Seco (RS)","6000","6000","6300","6200","5800","6300","6300","6300","4500","4800","3600","3750","2450","2650","3000","3000","3000"
"MU","4307401","Esmeralda (RS)","9000","10000","8500","7300","5500","5000","6500","9500","6000","4500","2750","4000","2000","2500","3000","5000","6800"
"MU","4307450","Esperança do Sul (RS)","1700","1400","1500","2000","1000","1200","1000","800","1600","1600","1600","1600","1400","1400","1400","1400","1700"
"MU","4307500","Espumoso (RS)","4000","3000","3000","3000","2500","1500","2000","1500","1300","1550","1100","1300","1000","1180","1200","1200","1200"
"MU","4307559","Estação (RS)","1050","600","600","600","500","350","350","350","150","200","150","160","150","150","250","250","250"
"MU","4307609","Estância Velha (RS)","150","150","100","50","50","100","10","10","8","8","8","10","160","60","60","60","60"
"MU","4307708","Esteio (RS)","-","-","-","-","-","-","-","-","-","-","-","-","-","-","-","-","-"
"MU","4307807","Estrela (RS)","2250","1900","2500","1000","2000","2000","2000","2500","2250","2100","1625","1800","1750","1625","1400","1000","1050"
"MU","4307815","Estrela Velha (RS)","1600","1600","1600","1300","900","900","900","1220","1100","1150","970","980","1020","1040","950","950","750"
"MU","4307831","Eugênio de Castro (RS)","2000","2500","3500","3500","3500","3000","2000","1420","1700","1900","1900","2670","2100","2500","2440","2740","1960"
"MU","4307864","Fagundes Varela (RS)","2400","2400","2500","2400","2300","2400","2000","2000","2000","2000","1800","1600","1400","1800","1700","1400","1400"
"MU","4307906","Farroupilha (RS)","1800","1600","1800","1600","1600","1600","1000","600","600","630","630","630","1600","1600","1600","1600","1600"
"MU","4308003","Faxinal do Soturno (RS)","1500","1500","1500","1500","1500","1500","2085","900","750","750","250","265","280","280","280","280","280"
"MU","4308052","Faxinalzinho (RS)","1300","1300","1300","1300","400","300","600","500","500","450","200","400","400","400","400","400","1100"
"MU","4308078","Fazenda Vilanova (RS)","300","300","300","400","400","300","300","250","350","350","300","300","300","300","300","300","300"
"MU","4308102","Feliz (RS)","380","380","380","380","380","380","380","130","130","130","70","180","120","150","120","120","90"
"MU","4308201","Flores da Cunha (RS)","700","700","700","700","700","700","700","700","700","700","700","700","400","300","400","400","410"
"MU","4308250","Floriano Peixoto (RS)","3200","3000","3400","3400","1800","1800","2500","2300","2000","1500","1200","1450","700","850","1000","1200","1050"
"MU","4308300","Fontoura Xavier (RS)","2500","2500","2300","2300","2300","2300","1760","1700","1700","1700","1700","1800","1000","1000","1000","1000","1000"
"MU","4308409","Formigueiro (RS)","1000","1000","1000","400","300","250","300","620","620","445","390","350","280","230","200","312","512"
"MU","4308433","Forquetinha (RS)","1400","1350","1300","1300","1100","700","600","500","300","500","500","500","300","350","350","430","420"
"MU","4308458","Fortaleza dos Valos (RS)","3500","3500","4500","3500","2500","2200","3000","1830","2250","1750","1740","1980","1510","1510","1760","2100","2300"
"MU","4308508","Frederico Westphalen (RS)","8000","6000","6000","6000","5500","6000","4000","4200","4200","3800","3440","4000","2800","3500","3300","3300","3000"
"MU","4308607","Garibaldi (RS)","700","700","500","500","500","400","400","340","340","300","300","350","300","500","500","450","450"
"MU","4308656","Garruchos (RS)","3520","4000","4000","3500","2000","1500","1000","850","900","840","1005","1070","750","1000","1450","1300","1410"
"MU","4308706","Gaurama (RS)","5500","4600","4000","3600","2200","1600","2070","1350","800","600","600","1000","800","800","800","800","2000"
"MU","4308805","General Câmara (RS)","5000","5000","5300","3600","3600","5000","5000","5000","2500","1500","1800","2000","2000","2000","2000","2500","2500"
"MU","4308854","Gentil (RS)","2500","2500","2500","2500","1600","1600","1300","1300","1000","1000","600","400","200","200","300","300","200"
"MU","4308904","Getúlio Vargas (RS)","5500","4950","4950","4950","4000","3000","3450","2300","1300","900","800","1500","800","2700","2700","3000","3450"
"MU","4309001","Giruá (RS)","5500","5500","5500","6500","5000","4500","5300","4300","4500","4600","4600","5330","4330","4830","5330","5330","5500"
"MU","4309050","Glorinha (RS)","100","100","100","100","100","100","100","70","50","50","50","50","50","50","100","160","160"
"MU","4309100","Gramado (RS)","950","920","950","950","900","900","800","456","760","700","700","700","800","800","800","600","630"
"MU","4309126","Gramado dos Loureiros (RS)","1800","2000","2400","2500","1800","1300","1300","1300","1100","1100","1000","700","700","1000","900","1000","650"
"MU","4309159","Gramado Xavier (RS)","1500","1500","1500","1500","1500","1500","1500","1500","1500","1500","1500","1500","1500","1500","1500","1500","1600"
"MU","4309209","Gravataí (RS)","80","80","80","30","30","80","50","25","25","20","20","20","20","20","20","20","50"
"MU","4309258","Guabiju (RS)","1400","1200","1600","2100","2100","750","1100","750","1100","1100","700","1100","700","1750","1100","800","1100"
"MU","4309308","Guaíba (RS)","140","134","134","134","100","136","38","20","20","20","20","28","20","120","120","200","160"
"MU","4309407","Guaporé (RS)","5000","5000","5000","5000","4500","4500","4700","3300","3000","2700","820","1500","1800","2650","2000","2000","2500"
"MU","4309506","Guarani das Missões (RS)","4500","4000","5000","5000","5000","5000","4500","3000","3500","2000","2000","2000","2000","2250","2250","2501","2501"
"MU","4309555","Harmonia (RS)","300","400","400","350","350","350","350","200","200","50","50","100","50","50","20","25","50"
"MU","4309571","Herveiras (RS)","1100","1100","1200","1200","1200","1200","1200","1200","1200","1200","1200","1500","1500","1500","1300","1500","1000"
"MU","4309605","Horizontina (RS)","7200","6650","7000","7500","6040","5700","6250","6000","4375","5140","4600","5090","4500","5000","5050","5050","4450"
"MU","4309654","Hulha Negra (RS)","3000","3000","3000","3000","3000","2500","2800","800","800","700","500","640","1400","1500","1500","1795","1662"
"MU","4309704","Humaitá (RS)","2500","2700","2700","4000","2000","2000","1500","1800","1800","1800","1600","1700","1400","1500","1500","1500","1500"
"MU","4309753","Ibarama (RS)","3500","3500","3500","3500","3500","3500","2500","3600","3600","3600","3600","3600","3600","3000","3500","3500","2200"
"MU","4309803","Ibiaçá (RS)","3200","2500","2500","3000","2500","2000","2700","3200","2800","2800","2200","2200","2200","2500","2800","3500","3800"
"MU","4309902","Ibiraiaras (RS)","4500","4000","4800","4200","3000","3500","4000","3500","4000","3600","3200","3500","3200","3000","3500","3500","2220"
"MU","4309951","Ibirapuitã (RS)","1600","1400","1400","1500","1400","1500","1500","1100","850","600","400","400","300","372","372","300","272"
"MU","4310009","Ibirubá (RS)","6000","5000","5000","5000","2500","2500","3500","1800","1950","1500","1600","1600","1500","1250","1650","1925","2775"
"MU","4310108","Igrejinha (RS)","300","300","320","320","320","320","200","250","130","130","130","120","120","120","80","70","60"
"MU","4310207","Ijuí (RS)","2000","1500","1500","1900","1500","1350","1100","1200","1250","980","1240","950","1500","1900","1300","1000","480"
"MU","4310306","Ilópolis (RS)","1500","1500","1500","1500","1500","1500","1500","1200","1200","1000","1000","1000","950","650","950","950","950"
"MU","4310330","Imbé (RS)","-","-","-","-","-","-","-","1","1","-","-","-","-","-","...","-","-"
"MU","4310363","Imigrante (RS)","1300","1300","1350","1350","925","600","300","300","250","250","100","200","200","200","100","200","150"
"MU","4310405","Independência (RS)","8000","8000","8000","8000","5500","5500","5000","6000","4000","4100","3500","3500","3200","5000","4800","4800","3600"
"MU","4310413","Inhacorá (RS)","1350","1000","1300","1800","1850","1500","1490","1600","1400","1250","800","850","1000","1150","1150","850","950"
"MU","4310439","Ipê (RS)","4500","4500","5000","4500","4500","4500","4500","3735","3700","4200","3500","3300","2200","2500","3000","2000","2500"
"MU","4310462","Ipiranga do Sul (RS)","3000","2000","2000","3000","1800","1500","2500","1500","1500","1200","400","500","400","500","450","450","510"
"MU","4310504","Iraí (RS)","5850","5265","5800","5500","5500","5500","5500","5000","5500","5000","4700","5000","3000","2000","1800","1000","1400"
"MU","4310538","Itaara (RS)","800","650","650","600","400","600","600","600","300","540","540","500","420","420","420","420","420"
"MU","4310553","Itacurubi (RS)","1000","1200","1600","2500","2500","1850","2000","3000","1485","1000","800","700","700","800","800","800","835"
"MU","4310579","Itapuca (RS)","1550","1550","1630","1750","1500","1000","1000","700","500","420","370","420","650","650","650","650","750"
"MU","4310603","Itaqui (RS)","5000","3600","3600","4000","4000","3000","4000","4000","4000","5000","5000","5400","6000","6000","6000","10000","15000"
"MU","4310652","Itati (RS)","200","200","200","150","150","150","150","200","100","15","15","40","15","15","15","15","15"
"MU","4310702","Itatiba do Sul (RS)","3800","3800","4000","4000","1860","1860","1530","1400","1450","1450","1400","1600","1600","1800","1800","1800","1800"
"MU","4310751","Ivorá (RS)","1800","1800","1800","1800","1800","1800","1800","2000","2000","1750","700","700","700","700","700","750","600"
"MU","4310801","Ivoti (RS)","50","50","50","50","50","50","110","110","110","70","70","100","120","120","120","120","120"
"MU","4310850","Jaboticaba (RS)","3100","3000","3100","3000","3100","2650","3500","2900","2200","2000","1350","1300","1000","1000","1000","1000","1000"
"MU","4310876","Jacuizinho (RS)","1450","1500","1500","1500","1500","1500","1800","1800","1600","1460","1210","1350","750","750","800","700","850"
"MU","4310900","Jacutinga (RS)","4300","2500","2500","5000","2500","2400","3000","3000","2500","2000","1400","1400","1200","1200","1200","1400","1750"
"MU","4311007","Jaguarão (RS)","1400","1400","1400","1800","1000","1000","500","500","500","500","350","350","100","80","60","250","950"
"MU","4311106","Jaguari (RS)","3500","3500","3000","3000","3000","3000","3000","3000","3000","2700","2850","3000","2300","2000","1600","1650","900"
"MU","4311122","Jaquirana (RS)","1200","1200","1200","1200","1200","1200","1200","768","960","840","860","860","860","245","245","270","265"
"MU","4311130","Jari (RS)","4300","4300","4500","4500","3600","3000","1790","2200","2200","2300","2100","2200","1880","1900","1750","1900","1700"
"MU","4311155","Jóia (RS)","4000","2800","5500","4500","3200","1000","1250","800","950","1600","1700","2300","2200","3700","3250","3200","2650"
"MU","4311205","Júlio de Castilhos (RS)","6000","5000","5000","5000","3000","3000","3600","1500","2000","1700","1300","1900","1300","1500","1500","1500","1650"
"MU","4311239","Lagoa Bonita do Sul (RS)","1700","2000","1800","1800","1700","1700","900","1700","1400","1200","1100","1000","1100","950","950","950","650"
"MU","4311254","Lagoão (RS)","3200","3200","3200","3400","3400","3400","2900","3000","3000","3000","3000","2300","3000","2500","2500","2500","2500"
"MU","4311270","Lagoa dos Três Cantos (RS)","1500","950","900","900","1500","1200","1500","650","800","680","580","580","580","580","680","580","580"
"MU","4311304","Lagoa Vermelha (RS)","10000","8000","10000","9000","6000","6000","9000","8700","7000","5000","4000","5000","4500","4500","4500","4500","7000"
"MU","4311403","Lajeado (RS)","900","900","950","900","800","650","650","550","525","500","420","400","400","400","400","400","300"
"MU","4311429","Lajeado do Bugre (RS)","3000","3600","3500","3000","2000","3000","3000","2500","2000","2000","2150","2000","2000","2000","2000","1800","1000"
"MU","4311502","Lavras do Sul (RS)","3000","3000","3000","2800","2800","3000","1500","500","500","500","500","500","500","500","500","400","160"
"MU","4311601","Liberato Salzano (RS)","3500","3500","4000","4000","3000","3000","3500","3500","3250","3250","1500","2500","1200","1600","1200","1200","1100"
"MU","4311627","Lindolfo Collor (RS)","125","50","50","50","50","50","100","120","120","120","120","120","120","120","120","120","120"
"MU","4311643","Linha Nova (RS)","260","260","150","150","150","150","100","100","100","100","100","100","100","100","100","100","100"
"MU","4311700","Machadinho (RS)","3000","3000","2300","2300","1200","1100","1650","1000","900","500","370","450","650","700","700","700","650"
"MU","4311718","Maçambará (RS)","4000","4000","4000","4000","3000","3000","3000","3000","3000","500","3200","3525","2350","2600","1514","2050","2743"
"MU","4311734","Mampituba (RS)","324","324","324","324","324","324","250","250","250","160","230","180","180","180","180","180","180"
"MU","4311759","Manoel Viana (RS)","2500","2000","2500","2500","2500","2000","3000","3000","3200","3000","2720","2900","3400","3400","3550","3600","3300"
"MU","4311775","Maquiné (RS)","600","600","600","600","600","800","800","900","900","900","900","900","1000","1100","1100","1100","1100"
"MU","4311791","Maratá (RS)","885","900","900","900","900","900","900","90","90","90","90","110","50","50","50","50","50"
"MU","4311809","Marau (RS)","7000","6000","5500","5000","5000","4000","3000","1000","1000","1000","1200","1500","1300","2500","2500","2500","2500"
"MU","4311908","Marcelino Ramos (RS)","4500","4500","4500","4000","2500","2400","2600","2400","2000","1800","1500","1600","1500","2300","2300","2300","1888"
"MU","4311981","Mariana Pimentel (RS)","300","300","300","300","300","300","300","300","300","300","300","300","300","400","450","450","600"
"MU","4312005","Mariano Moro (RS)","3500","3500","2400","2400","2000","2000","1900","2000","1800","1500","800","1000","880","900","900","900","700"
"MU","4312054","Marques de Souza (RS)","1000","900","900","800","800","800","1000","800","800","600","500","500","500","500","500","500","400"
"MU","4312104","Mata (RS)","2500","2500","2500","2500","2500","2800","1740","2000","2000","1700","1600","1600","1600","1400","1200","1600","1540"
"MU","4312138","Mato Castelhano (RS)","3000","3000","2550","2550","1500","1300","2500","1680","1000","400","300","600","300","300","600","600","600"
"MU","4312153","Mato Leitão (RS)","1400","1400","1400","1400","1400","1300","1350","1350","1500","1500","1500","1800","1500","1500","1500","1500","1000"
"MU","4312179","Mato Queimado (RS)","3500","3500","4200","4200","2580","2620","2740","2600","1400","1340","1010","1310","1365","1365","1465","1365","1230"
"MU","4312203","Maximiliano de Almeida (RS)","6000","5000","5100","4000","2500","1500","1800","1300","1100","900","900","1200","400","500","600","700","700"
"MU","4312252","Minas do Leão (RS)","600","400","100","100","150","150","55","80","100","20","250","200","150","150","200","250","250"
"MU","4312302","Miraguaí (RS)","3000","3000","3200","3000","2800","3000","3000","3000","2800","1800","1500","1100","900","900","700","700","700"
"MU","4312351","Montauri (RS)","2100","2000","2000","2100","2000","2000","2300","2000","1900","1600","1000","1100","800","1000","700","1000","1000"
"MU","4312377","Monte Alegre dos Campos (RS)","1100","1000","1200","1500","1060","1570","1135","1200","1400","1000","1250","1250","500","1470","850","550","600"
"MU","4312385","Monte Belo do Sul (RS)","310","310","310","340","340","310","280","290","280","280","280","280","150","61","61","60","60"
"MU","4312401","Montenegro (RS)","800","800","800","800","800","800","800","400","400","400","400","350","200","100","500","500","550"
"MU","4312427","Mormaço (RS)","1200","1000","1200","1200","1000","1000","1200","500","200","200","70","250","100","220","70","70","380"
"MU","4312443","Morrinhos do Sul (RS)","120","120","120","120","120","120","120","120","120","120","120","120","120","120","120","120","120"
"MU","4312450","Morro Redondo (RS)","2000","1000","2000","2000","1900","2000","1600","1600","1600","1600","1200","1200","1000","800","1000","600","600"
"MU","4312476","Morro Reuter (RS)","300","300","300","300","300","300","330","300","300","300","300","300","300","300","300","300","350"
"MU","4312500","Mostardas (RS)","510","495","495","495","520","499","420","500","440","440","150","250","250","600","500","300","800"
"MU","4312609","Muçum (RS)","1000","1000","1100","1100","1100","1100","1000","1000","1000","1000","1000","1000","1000","800","850","850","850"
"MU","4312617","Muitos Capões (RS)","20000","20000","20000","20000","20000","20000","22000","25000","25000","20000","17000","20000","12000","12000","15000","15000","15700"
"MU","4312625","Muliterno (RS)","2750","2750","2750","2750","2350","2350","1000","1000","1000","600","600","600","600","600","600","600","600"
"MU","4312658","Não-Me-Toque (RS)","4800","3800","4300","4000","3500","3000","3200","3500","2790","3000","2500","2858","2500","3000","3370","3370","3500"
"MU","4312674","Nicolau Vergueiro (RS)","1470","700","570","700","500","400","250","150","200","300","200","100","30","-","100","100","100"
"MU","4312708","Nonoai (RS)","6000","4000","5500","6000","3000","3000","3500","3000","3500","3500","2000","3000","1500","2000","1500","1500","1260"
"MU","4312757","Nova Alvorada (RS)","3000","3000","2500","2500","400","1900","1700","1200","900","800","750","800","750","800","800","700","900"
"MU","4312807","Nova Araçá (RS)","2000","2000","2300","2300","2100","2100","1650","1450","1450","1450","1370","1520","1250","1300","1300","1300","1300"
"MU","4312906","Nova Bassano (RS)","7500","7500","7500","7500","7500","7500","6000","6000","5000","5000","4000","4500","4500","4000","4000","4000","3300"
"MU","4312955","Nova Boa Vista (RS)","1300","1300","1400","1300","1200","1200","1350","800","650","450","250","800","300","300","500","500","300"
"MU","4313003","Nova Bréscia (RS)","1115","1000","600","500","400","250","250","250","250","250","250","250","250","250","250","250","300"
"MU","4313011","Nova Candelária (RS)","2300","2400","2000","2400","2400","2400","2400","2400","600","600","600","600","600","800","900","1000","1000"
"MU","4313037","Nova Esperança do Sul (RS)","1500","1500","1500","1500","1400","1400","1500","1200","1200","1100","900","700","700","400","390","400","450"
"MU","4313060","Nova Hartz (RS)","95","95","95","100","100","150","150","150","140","150","150","150","150","50","50","17","38"
"MU","4313086","Nova Pádua (RS)","250","250","250","250","250","260","260","260","260","260","260","260","220","220","210","215","220"
"MU","4313102","Nova Palma (RS)","4000","4000","4000","3500","2300","3000","3100","2000","1500","1500","1000","1000","1000","1000","900","1000","1000"
"MU","4313201","Nova Petrópolis (RS)","1800","1800","1800","1800","1800","1800","1800","1800","1800","1800","1800","1800","1800","1370","1370","1371","1380"
"MU","4313300","Nova Prata (RS)","3200","2800","2800","3000","3000","3000","2300","2700","1800","1700","1700","1700","1700","1500","1500","1750","1800"
"MU","4313334","Nova Ramada (RS)","1900","1400","1200","1600","1400","1200","1130","550","380","950","350","750","650","540","640","640","480"
"MU","4313359","Nova Roma do Sul (RS)","1300","1300","1500","1500","1500","1500","1300","1300","1000","1000","1000","1000","1000","1000","450","450","320"
"MU","4313375","Nova Santa Rita (RS)","300","300","300","80","40","300","300","40","80","40","30","30","30","30","30","30","10"
"MU","4313391","Novo Cabrais (RS)","1565","1565","1600","1600","1000","1200","1200","1350","1200","1200","1200","1250","1250","1250","1250","1300","1500"
"MU","4313409","Novo Hamburgo (RS)","400","650","650","650","650","650","650","650","650","650","650","650","600","600","600","600","650"
"MU","4313425","Novo Machado (RS)","3500","3000","3000","3500","3000","3000","3500","3800","5300","5300","3800","5400","5000","5000","5100","5100","5300"
"MU","4313441","Novo Tiradentes (RS)","4000","4000","4000","3500","3500","3000","2500","2500","1800","1500","1120","1400","1050","950","1000","1000","1100"
"MU","4313466","Novo Xingu (RS)","1300","1500","1900","2000","800","1400","1000","810","850","450","350","400","400","700","900","800","640"
"MU","4313490","Novo Barreiro (RS)","2500","2500","2500","2500","2500","2500","2500","2500","2000","2000","1200","1200","1000","1000","1300","1300","1300"
"MU","4313508","Osório (RS)","350","350","350","350","350","350","250","250","250","100","90","90","90","90","90","100","120"
"MU","4313607","Paim Filho (RS)","5500","5000","4100","4000","3500","3200","3900","3000","2000","1500","1200","1500","1000","1000","1000","1100","1200"
"MU","4313656","Palmares do Sul (RS)","450","450","450","410","410","450","450","450","500","25","35","400","400","150","180","180","300"
"MU","4313706","Palmeira das Missões (RS)","12000","9000","12000","12000","8000","10000","12000","12000","7900","7400","8000","11000","13000","14500","14500","14500","14500"
"MU","4313805","Palmitinho (RS)","5000","4200","5000","4200","5000","4200","3300","1650","2250","1750","1250","1000","1250","2300","2000","1200","1600"
"MU","4313904","Panambi (RS)","3500","3000","3000","3000","2300","2000","2000","2100","2100","2145","1820","2320","1920","1800","1500","1300","1300"
"MU","4313953","Pantano Grande (RS)","980","980","800","1000","1000","800","800","650","550","400","380","400","500","500","450","460","1100"
"MU","4314001","Paraí (RS)","4200","4200","4200","4200","4200","4000","3950","4000","2200","2200","1600","1250","1100","1100","1100","1100","1100"
"MU","4314027","Paraíso do Sul (RS)","2730","2730","2860","3000","2500","2700","2000","3000","2750","2750","3300","3400","3300","3000","3000","3000","3000"
"MU","4314035","Pareci Novo (RS)","150","150","150","150","150","150","150","60","60","60","20","50","50","50","10","10","10"
"MU","4314050","Parobé (RS)","157","170","157","157","200","230","70","100","200","100","100","100","100","100","10","8","2"
"MU","4314068","Passa Sete (RS)","3250","3250","3300","2700","2500","2300","2500","1900","2000","2000","2000","2000","2000","2000","1000","1000","2000"
"MU","4314076","Passo do Sobrado (RS)","2500","2500","2500","2500","2500","2300","1800","1800","1800","1800","1800","1800","1800","2000","1400","1300","1800"
"MU","4314100","Passo Fundo (RS)","2900","2300","2200","2300","2000","2500","3500","2100","1600","1200","1000","1000","1400","1400","1400","1400","1400"
"MU","4314134","Paulo Bento (RS)","2850","2280","2400","2400","1000","1000","1400","2200","1650","1540","1300","1520","800","800","850","850","1000"
"MU","4314159","Paverama (RS)","1000","1000","1000","750","750","1000","1000","800","800","700","700","900","900","900","1100","1000","1100"
"MU","4314175","Pedras Altas (RS)","1500","1500","1500","1500","1500","500","525","1000","1000","1000","200","500","500","300","350","230","160"
"MU","4314209","Pedro Osório (RS)","600","800","700","600","545","350","500","400","400","400","320","290","120","160","123","100","115"
"MU","4314308","Pejuçara (RS)","3000","3000","3000","3000","1500","1000","1217","1295","1085","1100","750","1200","1100","1250","1480","1600","1900"
"MU","4314407","Pelotas (RS)","7000","12000","12000","12000","11000","11000","9000","10500","10500","10500","9000","10000","7000","7000","6200","8000","8000"
"MU","4314423","Picada Café (RS)","350","350","402","402","402","250","150","150","200","200","200","200","200","200","200","200","250"
"MU","4314456","Pinhal (RS)","3300","3500","2800","2700","2700","2700","2500","2500","2300","2300","1600","1600","1000","1000","1000","1000","1000"
"MU","4314464","Pinhal da Serra (RS)","5000","4800","5500","5000","4000","5200","5000","5000","5000","3500","3000","3200","3000","2000","2500","2500","2750"
"MU","4314472","Pinhal Grande (RS)","3700","3200","2800","2300","1800","1800","2530","1600","1552","820","885","955","855","920","1140","1563","1400"
"MU","4314498","Pinheirinho do Vale (RS)","3600","2600","2600","1900","2100","1300","2100","1300","1300","1100","1000","1250","1200","1100","1200","1000","940"
"MU","4314506","Pinheiro Machado (RS)","1750","1750","1750","1800","1800","1200","1090","1800","1700","1800","2000","1800","2000","1500","1300","800","500"
"MU","4314548","Pinto Bandeira (RS)","...","...","...","...","...","...","...","250","225","245","245","170","170","224","224","224","170"
"MU","4314555","Pirapó (RS)","2120","1800","1800","1650","1200","900","1000","1200","1000","1160","806","806","900","1200","1200","1200","350"
"MU","4314605","Piratini (RS)","6500","7500","3500","5000","5000","2000","2000","5000","3000","1830","1830","1830","2000","2000","2000","2000","2500"
"MU","4314704","Planalto (RS)","4200","4500","4000","4000","3500","3500","3500","3500","3100","2400","2600","3000","2800","2100","1700","1800","1400"
"MU","4314753","Poço das Antas (RS)","380","380","380","150","150","150","100","200","200","200","150","150","130","115","70","100","115"
"MU","4314779","Pontão (RS)","6500","5500","6000","8000","5000","3500","3200","3600","3000","3000","2000","3000","2000","2000","3000","3000","3200"
"MU","4314787","Ponte Preta (RS)","2100","1800","1900","2300","1900","1100","1900","1300","1040","850","530","600","400","700","550","550","650"
"MU","4314803","Portão (RS)","300","300","260","260","260","220","220","210","210","210","170","170","170","70","100","150","250"
"MU","4314902","Porto Alegre (RS)","50","50","50","50","50","50","40","30","30","30","30","30","30","30","30","30","30"
"MU","4315008","Porto Lucena (RS)","3200","3200","3100","3300","3300","2800","2500","2800","2000","1803","1800","1813","1409","2110","1610","1410","1750"
"MU","4315057","Porto Mauá (RS)","1100","1100","1100","1100","1100","1000","1100","1100","850","800","800","900","900","1500","1500","1650","1550"
"MU","4315073","Porto Vera Cruz (RS)","1800","1900","1900","2000","2000","2000","2000","2000","700","700","500","700","400","400","440","500","550"
"MU","4315107","Porto Xavier (RS)","3150","2700","2200","2200","2000","1500","1500","1500","1150","1150","1120","1220","1220","1020","1100","1100","800"
"MU","4315131","Pouso Novo (RS)","2000","1800","1800","1800","1400","1400","1200","1200","1200","1000","1000","1000","1000","1000","1000","400","400"
"MU","4315149","Presidente Lucena (RS)","200","200","150","150","150","75","135","60","60","50","50","50","50","50","50","50","50"
"MU","4315156","Progresso (RS)","3300","3300","3300","3300","2310","2000","2000","1600","1600","1600","1600","1500","1500","1400","1400","1400","1400"
"MU","4315172","Protásio Alves (RS)","1450","1450","1400","1400","1400","1400","525","525","525","525","450","530","450","1058","1025","985","985"
"MU","4315206","Putinga (RS)","5000","4500","5000","4000","4000","3500","2500","2000","2000","2000","1800","1800","1800","1800","1600","1800","1800"
"MU","4315305","Quaraí (RS)","500","500","450","450","450","70","200","100","130","100","40","30","40","40","40","30","30"
"MU","4315313","Quatro Irmãos (RS)","4700","3290","3100","3100","2000","2000","2000","2000","1800","2000","1200","2500","700","1000","2000","2000","2300"
"MU","4315321","Quevedos (RS)","1200","1200","1300","1300","1300","1200","1500","1200","1200","1000","750","550","500","450","400","500","490"
"MU","4315354","Quinze de Novembro (RS)","2000","1800","2000","2000","800","800","800","600","300","300","300","200","200","200","200","200","28"
"MU","4315404","Redentora (RS)","2000","2000","2000","2300","2200","2000","2000","2000","1700","2200","1500","2685","2585","2580","2700","2700","2500"
"MU","4315453","Relvado (RS)","2000","1800","1800","1800","1800","1800","1500","1600","1680","1680","1450","1450","950","950","500","1000","400"
"MU","4315503","Restinga Sêca (RS)","1500","1500","1500","1500","1500","1500","2000","2000","1700","1700","1650","1650","1650","1000","650","725","775"
"MU","4315552","Rio dos Índios (RS)","2500","2850","3300","3500","2000","2000","1800","1800","1800","1440","1440","1600","1400","2000","1400","1600","1200"
"MU","4315602","Rio Grande (RS)","100","100","100","100","100","2","40","40","200","200","200","200","200","200","200","200","300"
"MU","4315701","Rio Pardo (RS)","5000","4800","5000","5000","4200","3800","4200","4200","4200","4200","4000","4448","2260","3000","2990","3030","4252"
"MU","4315750","Riozinho (RS)","600","600","600","600","600","300","180","280","280","280","280","280","280","280","225","225","225"
"MU","4315800","Roca Sales (RS)","4200","4200","4200","4200","3800","3400","2650","2000","3800","2000","2000","2000","1600","1700","1700","1900","1800"
"MU","4315909","Rodeio Bonito (RS)","3500","3500","3500","3500","3500","3500","3300","3000","3000","3000","2000","2600","2000","1800","1800","2100","2100"
"MU","4315958","Rolador (RS)","4000","4000","4500","4200","1800","1800","1800","1500","1200","1310","1300","1350","900","2000","2050","2050","1900"
"MU","4316006","Rolante (RS)","1200","1200","1200","1200","1200","1200","700","700","700","700","700","700","700","700","700","800","770"
"MU","4316105","Ronda Alta (RS)","5000","4000","5500","5500","4600","5000","4500","3000","3000","2425","2400","3100","2500","1500","3000","2475","2725"
"MU","4316204","Rondinha (RS)","3500","3500","3850","3500","3200","3200","3500","1500","2000","2000","1500","1805","1500","1000","1400","600","200"
"MU","4316303","Roque Gonzales (RS)","4800","4000","4500","4300","3850","3300","3300","3000","1160","1228","1220","2564","2164","2570","2560","2560","2300"
"MU","4316402","Rosário do Sul (RS)","3500","2000","2000","1800","1800","900","1600","1500","2000","2000","2000","2500","2000","2000","650","650","1000"
"MU","4316428","Sagrada Família (RS)","2500","2500","2500","2100","2500","2500","2500","2500","2500","2000","1600","1800","1500","1500","1500","1500","1500"
"MU","4316436","Saldanha Marinho (RS)","3000","2000","2500","3000","1500","1500","1700","1400","1530","1100","800","792","800","717","750","750","1400"
"MU","4316451","Salto do Jacuí (RS)","4000","3500","3500","3500","2000","1500","3000","2800","3500","3500","2500","2800","2500","2100","2100","2100","2100"
"MU","4316477","Salvador das Missões (RS)","1800","1800","2200","2200","2200","2000","2000","2000","800","800","800","1000","800","800","850","850","850"
"MU","4316501","Salvador do Sul (RS)","1300","1300","1300","1100","1100","1000","1000","-","-","-","1000","1005","1000","1000","1100","1110","1110"
"MU","4316600","Sananduva (RS)","9350","7480","7100","7100","4500","2600","3000","2800","2100","2100","1900","2000","2000","2000","2000","2500","2500"
"MU","4316709","Santa Bárbara do Sul (RS)","8000","6000","8000","8000","5000","5000","6000","6000","5500","4000","3500","3500","3000","3200","4000","3800","4000"
"MU","4316733","Santa Cecília do Sul (RS)","1850","1600","1500","1500","1000","750","870","780","600","700","700","600","600","600","600","1000","1000"
"MU","4316758","Santa Clara do Sul (RS)","2300","2300","2300","2300","2220","2220","2220","2000","1300","1300","1150","1250","1250","1000","1200","1100","900"
"MU","4316808","Santa Cruz do Sul (RS)","11000","11000","11000","11000","11000","11000","9000","9000","9000","9000","7000","4400","4400","4500","4500","4700","4260"
"MU","4316907","Santa Maria (RS)","2600","2600","2600","2600","2600","2800","2800","900","400","300","150","190","190","190","190","220","130"
"MU","4316956","Santa Maria do Herval (RS)","650","650","650","650","650","650","650","700","700","700","800","1200","1100","1100","1100","1300","1500"
"MU","4316972","Santa Margarida do Sul (RS)","450","450","350","350","350","300","400","360","400","400","400","500","400","350","100","100","100"
"MU","4317004","Santana da Boa Vista (RS)","5000","5000","5000","4000","4000","3400","3700","3100","1800","1320","1400","1800","1400","2000","2000","2200","2400"
"MU","4317103","Sant'Ana do Livramento (RS)","2000","2500","5000","4000","4000","3000","4000","3500","3500","3500","3500","4000","3500","3500","3500","3500","3302"
"MU","4317202","Santa Rosa (RS)","4450","4450","4450","3500","4475","4800","4800","4800","3500","2700","2700","2800","2000","2500","2500","3000","2560"
"MU","4317251","Santa Tereza (RS)","615","630","630","630","680","680","680","680","600","340","340","350","300","225","225","150","150"
"MU","4317301","Santa Vitória do Palmar (RS)","200","30","10","10","6","14","10","15","15","15","70","100","50","40","40","40","958"
"MU","4317400","Santiago (RS)","4500","4500","2500","4500","3500","3000","4000","3090","2890","3400","2980","2980","2680","2570","2200","2430","2730"
"MU","4317509","Santo Ângelo (RS)","6000","7000","7000","7000","6000","5700","4170","3620","3620","3500","3250","4200","2900","3400","3400","3400","3750"
"MU","4317558","Santo Antônio do Palma (RS)","3000","2700","2700","2500","2200","2200","1500","1000","1000","600","250","250","250","400","400","400","400"
"MU","4317608","Santo Antônio da Patrulha (RS)","2000","2000","2000","2000","2000","2000","2000","2000","2000","2000","2000","2000","2000","2000","2000","2000","2000"
"MU","4317707","Santo Antônio das Missões (RS)","2300","4000","3000","2500","1000","700","1300","1500","1950","2000","2500","3600","3600","4630","4780","4780","5000"
"MU","4317756","Santo Antônio do Planalto (RS)","3800","3200","3800","3800","3000","3600","4000","3400","2500","2500","1800","1400","550","700","907","900","837"
"MU","4317806","Santo Augusto (RS)","4900","4800","6000","6400","4600","3700","5800","5750","5500","4500","2200","4200","3200","4550","4500","4400","4000"
"MU","4317905","Santo Cristo (RS)","10000","12000","12000","12600","10000","10000","10000","9000","3000","3000","2800","2913","3046","4429","4408","4408","4425"
"MU","4317954","Santo Expedito do Sul (RS)","2000","1400","1100","1100","800","800","1200","650","250","100","60","200","60","400","400","600","1000"
"MU","4318002","São Borja (RS)","7000","7000","5000","6000","3000","3000","3000","3600","3800","4000","4000","4000","4000","5000","6000","6000","10000"
"MU","4318051","São Domingos do Sul (RS)","2200","2100","2100","2100","2000","2000","2000","1500","1500","780","780","780","780","780","780","850","850"
"MU","4318101","São Francisco de Assis (RS)","5000","6000","5000","4200","4200","4200","3000","3500","3500","2800","2100","2500","2500","2500","2550","2000","1300"
"MU","4318200","São Francisco de Paula (RS)","2800","3000","3000","3000","3000","3000","3000","2295","2700","3000","3000","3000","3200","3200","3200","3400","3750"
"MU","4318309","São Gabriel (RS)","1500","1500","2000","1000","1000","1000","1000","1500","2000","2000","2000","2300","2000","2000","2700","3000","3000"
"MU","4318408","São Jerônimo (RS)","5000","5000","4500","4000","3800","3500","3000","1800","1850","1800","1700","1100","600","600","600","800","1100"
"MU","4318424","São João da Urtiga (RS)","4900","4000","4000","4000","2500","2500","3000","2600","2600","1500","820","1290","1100","1000","1100","1200","780"
"MU","4318432","São João do Polêsine (RS)","300","300","300","300","300","300","150","200","200","100","100","100","80","70","70","70","70"
"MU","4318440","São Jorge (RS)","2600","2500","2700","2800","2600","2400","2600","1750","1700","1700","1700","1800","1800","1300","1430","1430","1600"
"MU","4318457","São José das Missões (RS)","2000","2240","2240","2100","1300","1400","1720","1720","1420","1500","1120","1200","900","900","900","900","1000"
"MU","4318465","São José do Herval (RS)","600","600","600","800","800","850","850","750","750","750","750","750","700","400","400","400","400"
"MU","4318481","São José do Hortêncio (RS)","430","430","430","430","430","430","460","140","140","140","140","140","140","140","140","140","140"
"MU","4318499","São José do Inhacorá (RS)","1700","2000","2100","2200","2100","2200","1980","2200","330","330","280","280","300","300","300","300","300"
"MU","4318507","São José do Norte (RS)","400","150","80","150","150","133","133","100","150","150","200","200","200","250","250","250","210"
"MU","4318606","São José do Ouro (RS)","4500","4000","4000","3500","2000","2500","3000","1850","1500","1400","1000","1300","1300","1500","1800","2000","2000"
"MU","4318614","São José do Sul (RS)","550","550","550","550","550","550","550","250","250","250","50","60","60","60","60","60","60"
"MU","4318622","São José dos Ausentes (RS)","480","480","600","600","600","600","600","660","800","1000","1000","1000","1000","1100","1100","1100","1200"
"MU","4318705","São Leopoldo (RS)","55","55","55","55","55","55","55","20","20","20","20","30","30","30","20","15","15"
"MU","4318804","São Lourenço do Sul (RS)","16000","18000","18000","16000","9000","16000","15000","15000","15000","14000","15000","18000","12000","15000","15000","16000","14000"
"MU","4318903","São Luiz Gonzaga (RS)","6500","7500","8000","8000","5600","3500","4000","4000","5000","5650","8000","12000","9000","11150","10600","12000","12000"
"MU","4319000","São Marcos (RS)","450","450","500","500","500","700","900","1200","950","950","640","720","720","650","650","650","350"
"MU","4319109","São Martinho (RS)","1500","1500","1600","5000","1700","1700","1700","2000","2000","2000","2000","2400","1800","2000","2300","2300","2150"
"MU","4319125","São Martinho da Serra (RS)","4200","3800","4000","4000","1100","1100","1000","700","500","700","270","430","400","310","310","500","480"
"MU","4319158","São Miguel das Missões (RS)","3600","4500","4500","5100","4600","4350","4900","4100","4600","5300","4000","6100","4100","7000","7000","7000","7000"
"MU","4319208","São Nicolau (RS)","3000","2100","2800","2000","1500","1000","850","750","700","1450","1629","3030","1950","3800","3700","3840","2900"
"MU","4319307","São Paulo das Missões (RS)","7000","7000","7000","7000","7000","6500","6500","7000","4000","3500","3500","3500","2800","2100","2100","2100","1500"
"MU","4319356","São Pedro da Serra (RS)","500","500","500","500","300","400","300","75","75","75","75","75","75","110","110","115","110"
"MU","4319364","São Pedro das Missões (RS)","1800","1800","1850","1600","1400","1800","2000","2000","1600","1600","1400","1400","800","800","800","800","600"
"MU","4319372","São Pedro do Butiá (RS)","3400","4000","4500","5500","4000","3500","3500","3500","2100","1870","1570","1615","1415","1115","1115","1115","1015"
"MU","4319406","São Pedro do Sul (RS)","3000","3000","3000","3000","2400","3000","2300","2800","2800","2800","2730","2730","2730","1500","1500","2750","1815"
"MU","4319505","São Sebastião do Caí (RS)","560","560","560","560","360","560","600","200","200","200","200","200","200","200","200","200","200"
"MU","4319604","São Sepé (RS)","3700","3500","4000","3000","2500","2500","2000","3500","3500","3000","1500","2000","1880","1960","2040","2040","2040"
"MU","4319703","São Valentim (RS)","5800","5000","5500","5000","3000","2500","2300","1900","1500","1200","1100","1400","1100","1100","1100","1200","770"
"MU","4319711","São Valentim do Sul (RS)","2020","2000","2000","2000","1800","1500","800","250","200","200","200","280","275","460","540","450","150"
"MU","4319737","São Valério do Sul (RS)","800","1300","1200","1200","800","800","800","1150","850","900","650","900","550","600","620","650","632"
"MU","4319752","São Vendelino (RS)","350","250","250","250","250","250","250","175","200","200","80","80","40","40","40","40","40"
"MU","4319802","São Vicente do Sul (RS)","2400","2000","2400","2200","2200","1800","1000","810","500","500","360","320","320","420","420","420","500"
"MU","4319901","Sapiranga (RS)","300","300","300","300","300","300","180","180","180","180","120","120","120","120","120","120","120"
"MU","4320008","Sapucaia do Sul (RS)","6","6","6","-","-","6","-","-","-","-","-","-","-","-","-","30","30"
"MU","4320107","Sarandi (RS)","4000","3000","4500","4000","3000","3700","4000","3000","3000","2400","1500","1850","1350","1500","2100","2200","1890"
"MU","4320206","Seberi (RS)","10000","11000","11000","12000","10000","9000","10000","7000","7700","7500","4500","4500","4000","5000","4500","5000","4200"
"MU","4320230","Sede Nova (RS)","2000","2200","1300","3500","800","700","900","400","1200","1100","1200","1200","1000","1000","850","850","850"
"MU","4320263","Segredo (RS)","4500","4000","4000","4000","4000","4000","4000","3800","3503","3500","3500","3500","3500","2000","1800","1800","2000"
"MU","4320305","Selbach (RS)","2000","2500","2500","2800","1800","1400","1600","1200","1060","1150","650","600","600","700","600","1175","1175"
"MU","4320321","Senador Salgado Filho (RS)","2500","1800","900","1800","3000","2500","2500","2500","500","400","400","963","1000","840","815","815","750"
"MU","4320354","Sentinela do Sul (RS)","1300","1300","1300","1300","1300","1300","1300","1400","1400","1400","1300","1500","1350","750","750","900","1050"
"MU","4320404","Serafina Corrêa (RS)","5000","4400","4500","4000","3600","3600","3600","2000","1800","1500","1300","1365","1365","1500","1600","1600","1550"
"MU","4320453","Sério (RS)","1235","1235","1235","1135","900","900","900","750","480","480","480","150","150","400","350","350","350"
"MU","4320503","Sertão (RS)","7500","5000","8000","7500","5000","4000","5000","4000","4000","3000","2500","2800","1500","1500","2800","2800","3000"
"MU","4320552","Sertão Santana (RS)","1500","1500","1500","1500","1500","1500","1550","1500","1500","1500","1500","1500","1450","1450","1400","1400","1380"
"MU","4320578","Sete de Setembro (RS)","2000","3200","3200","2500","2500","2500","2000","800","800","680","680","680","600","600","550","900","650"
"MU","4320602","Severiano de Almeida (RS)","5000","4000","4000","4000","3500","3500","3500","3500","3000","2000","800","1500","600","1000","1200","1300","1200"
"MU","4320651","Silveira Martins (RS)","900","900","600","600","600","700","600","600","300","300","300","400","250","400","405","405","393"
"MU","4320677","Sinimbu (RS)","6000","6000","6000","6000","6000","6000","6000","4200","4200","4200","4200","4000","4000","4000","3500","2700","2500"
"MU","4320701","Sobradinho (RS)","1800","1800","1800","1450","1450","1500","1250","1475","1320","1200","960","1200","1200","1200","700","700","1200"
"MU","4320800","Soledade (RS)","2650","2500","2800","3000","2250","2000","2200","1800","1300","800","600","600","800","800","800","800","1200"
"MU","4320859","Tabaí (RS)","120","150","150","150","150","70","140","70","70","70","30","30","30","90","90","100","45"
"MU","4320909","Tapejara (RS)","3000","2500","2500","2500","1625","1625","2500","1200","1200","1200","1000","1000","800","1200","1700","2000","2250"
"MU","4321006","Tapera (RS)","2200","1900","2000","2320","1320","1320","2000","1500","1000","1100","1100","1200","800","1000","900","900","900"
"MU","4321105","Tapes (RS)","300","300","300","300","300","100","100","120","120","120","120","130","110","110","188","150","140"
"MU","4321204","Taquara (RS)","500","500","500","500","500","500","500","400","400","400","250","100","100","50","100","120","50"
"MU","4321303","Taquari (RS)","2000","2000","2000","1500","1200","1500","1400","1200","1200","1160","1130","1130","700","850","850","850","1000"
"MU","4321329","Taquaruçu do Sul (RS)","2840","2800","2660","2300","2000","2000","2100","1500","1950","1700","1600","1800","1400","1430","1450","1510","1410"
"MU","4321352","Tavares (RS)","480","100","420","420","250","363","350","350","200","200","200","250","300","350","300","300","200"
"MU","4321402","Tenente Portela (RS)","3000","3000","3000","3800","1500","1800","2800","3200","3300","2700","2500","2600","2000","2000","3000","3000","2000"
"MU","4321436","Terra de Areia (RS)","60","60","60","60","60","25","25","55","55","70","60","42","42","42","42","42","42"
"MU","4321451","Teutônia (RS)","1700","1700","2500","2500","2300","2300","2500","3000","2500","2500","2500","2500","2500","1500","1500","1330","1330"
"MU","4321469","Tio Hugo (RS)","400","300","420","460","300","300","300","200","80","30","30","50","30","30","30","30","30"
"MU","4321477","Tiradentes do Sul (RS)","3500","3500","3000","5000","2000","2000","1600","1800","1800","1300","1300","2000","2000","2000","2000","2000","3000"
"MU","4321493","Toropi (RS)","2000","2000","2000","2000","2000","2000","1900","1600","1600","1700","1700","1800","1400","1150","1000","1150","1050"
"MU","4321501","Torres (RS)","150","150","150","150","150","150","200","200","200","80","95","95","95","95","95","95","80"
"MU","4321600","Tramandaí (RS)","30","30","30","30","30","30","30","30","10","10","10","10","10","10","10","10","10"
"MU","4321626","Travesseiro (RS)","800","800","600","600","540","450","500","500","400","400","250","300","300","200","300","150","200"
"MU","4321634","Três Arroios (RS)","5700","5700","4000","4000","2700","2100","2100","1600","1400","1100","800","1500","1000","1650","1600","2100","2240"
"MU","4321667","Três Cachoeiras (RS)","180","180","180","180","180","180","180","170","110","110","110","100","100","100","100","80","80"
"MU","4321709","Três Coroas (RS)","400","400","210","200","200","250","200","200","200","200","200","200","200","200","200","135","85"
"MU","4321808","Três de Maio (RS)","6500","7000","7500","7500","6500","6500","7000","7000","4200","3500","3100","3589","3589","4700","4724","4724","3024"
"MU","4321832","Três Forquilhas (RS)","280","280","280","280","280","180","180","180","180","80","80","80","80","80","80","100","100"
"MU","4321857","Três Palmeiras (RS)","2500","3000","3000","3000","3000","2500","3000","1800","1800","2000","1600","2000","1000","1000","1500","1500","800"
"MU","4321907","Três Passos (RS)","4000","3700","4000","6000","2000","2100","2300","3400","3400","2800","2500","3000","2500","2500","2800","2600","2800"
"MU","4321956","Trindade do Sul (RS)","4600","4600","5400","6250","4600","4000","4000","3000","2000","2000","1500","1700","1700","2200","1500","1800","1200"
"MU","4322004","Triunfo (RS)","500","500","500","600","500","270","270","350","280","300","500","1600","1300","1500","1500","1200","1280"
"MU","4322103","Tucunduva (RS)","6000","6000","6000","5000","4750","4500","4000","4300","4350","4378","4378","5028","4378","4350","4350","4350","3600"
"MU","4322152","Tunas (RS)","2400","2400","2500","2500","2250","2500","2500","2000","2000","1804","1804","1854","1500","1300","300","300","1300"
"MU","4322186","Tupanci do Sul (RS)","2500","2000","2200","2200","1500","1200","1800","1000","900","400","300","300","300","300","500","1200","1600"
"MU","4322202","Tupanciretã (RS)","7400","5000","5000","4360","1750","1750","3850","1720","2040","4480","1912","3850","1810","2530","2530","2530","4801"
"MU","4322251","Tupandi (RS)","250","250","250","250","200","250","250","250","250","250","80","80","80","80","65","65","65"
"MU","4322301","Tuparendi (RS)","7000","7000","7000","6300","7000","7000","6000","6500","3200","3200","2700","2730","2500","4000","4029","4029","3329"
"MU","4322327","Turuçu (RS)","900","900","900","950","1200","1200","1350","1500","1700","1500","1300","1400","1400","1400","1400","1400","1200"
"MU","4322343","Ubiretama (RS)","2200","2200","2200","3100","2800","2800","2500","2500","250","250","250","250","250","250","250","250","200"
"MU","4322350","União da Serra (RS)","4180","4180","4300","4300","3700","3700","3900","3100","2500","2100","2100","2250","1200","1200","1100","1400","1700"
"MU","4322376","Unistalda (RS)","1300","1300","810","530","400","400","400","200","200","300","320","350","800","600","500","500","500"
"MU","4322400","Uruguaiana (RS)","250","-","-","-","-","-","-","-","-","38","-","-","-","-","-","-","-"
"MU","4322509","Vacaria (RS)","13800","13800","15000","11000","9660","9000","15000","12750","11000","7700","10500","10000","8000","13500","13500","16500","13100"
"MU","4322525","Vale Verde (RS)","1800","1500","1200","1200","1200","1100","900","950","950","750","750","750","750","750","650","650","350"
"MU","4322533","Vale do Sol (RS)","6000","6000","6000","6000","6000","6000","4800","4800","5000","5000","4500","4500","4200","4200","2100","3800","3700"
"MU","4322541","Vale Real (RS)","180","200","250","250","200","170","195","150","150","135","135","135","135","90","90","40","40"
"MU","4322558","Vanini (RS)","1200","1200","1250","1200","800","800","800","600","600","600","600","600","450","550","550","600","600"
"MU","4322608","Venâncio Aires (RS)","15500","15500","15500","15500","15500","15500","13500","14500","14500","14500","14000","14000","12000","12000","8900","9180","10000"
"MU","4322707","Vera Cruz (RS)","5400","5400","5400","5400","5000","5000","4675","4675","4675","4675","4675","4670","4670","3200","3000","2500","2118"
"MU","4322806","Veranópolis (RS)","1500","1500","1500","1500","1500","1500","1650","1600","960","960","870","900","900","900","900","900","750"
"MU","4322855","Vespasiano Corrêa (RS)","2100","2100","2100","2300","2000","2000","1850","1500","1500","1500","1500","1500","1500","1000","1000","1000","700"
"MU","4322905","Viadutos (RS)","7000","5500","5200","5150","4050","4050","4500","3500","3500","2500","1500","3000","1000","2000","2000","2000","2200"
"MU","4323002","Viamão (RS)","630","600","600","600","600","600","600","600","400","600","600","300","300","350","400","250","365"
"MU","4323101","Vicente Dutra (RS)","5000","5000","5000","5000","5000","5000","5000","5000","5000","5500","4500","4510","4000","4000","4000","4000","3500"
"MU","4323200","Victor Graeff (RS)","4000","4000","4000","4000","2000","2000","2000","1800","1600","1600","1600","1600","1600","1600","1600","1600","1500"
"MU","4323309","Vila Flores (RS)","1150","1150","1150","1250","1100","1150","1150","1100","1100","900","900","900","900","500","900","900","900"
"MU","4323358","Vila Lângaro (RS)","2300","2300","2300","2300","1600","1300","1300","1200","1200","1200","1400","1000","750","1500","1500","2200","1700"
"MU","4323408","Vila Maria (RS)","3000","3000","3600","3600","3000","2700","2000","2150","1500","1500","1500","1500","800","1000","1300","1300","1300"
"MU","4323457","Vila Nova do Sul (RS)","1500","1590","1750","1300","1300","1200","1200","1200","1100","1100","1000","1200","1200","1000","1000","1200","500"
"MU","4323507","Vista Alegre (RS)","2280","2280","2050","2220","2230","1300","1000","1250","1300","1100","900","1100","850","900","900","1000","1000"
"MU","4323606","Vista Alegre do Prata (RS)","2140","2140","2350","2350","1900","1900","2200","2000","2050","1700","1450","780","800","800","475","800","500"
"MU","4323705","Vista Gaúcha (RS)","2100","2200","1800","2200","1700","1400","1600","1750","1700","1600","1600","1600","1100","1100","1100","1100","1000"
"MU","4323754","Vitória das Missões (RS)","3000","3000","3500","3500","2500","1800","1630","1500","1580","1380","1430","1580","1497","1977","2177","2177","1677"
"MU","4323770","Westfália (RS)","150","100","100","100","100","100","100","100","100","100","100","100","150","150","150","150","-"
"MU","4323804","Xangri-lá (RS)","10","10","10","10","10","10","5","-","-","-","-","-","-","-","-","-","-"
"ME","4301","Noroeste Rio-grandense (RS)","805400","743465","778675","797435","613735","574930","610442","547833","464958","426493","351586","414735","339706","385694","400603","407880","387988"
"ME","4302","Nordeste Rio-grandense (RS)","174285","170640","175930","170780","155350","153880","161780","151493","141040","125090","112705","123420","102684","119728","112340","116449","126660"
"ME","4303","Centro Ocidental Rio-grandense (RS)","78900","73290","71960","70990","58200","55700","54845","47610","43862","44772","35239","38740","33815","31520","29685","33645","32811"
"ME","4304","Centro Oriental Rio-grandense (RS)","152235","149220","149842","145455","133290","131695","120920","121240","119030","115296","102904","103102","93299","88175","78990","82465","82625"
"ME","4305","Metropolitana de Porto Alegre (RS)","63860","65892","64751","60714","59751","61635","59795","51787","48501","44926","44041","46654","42526","41563","41058","42108","44486"
"ME","4306","Sudoeste Rio-grandense (RS)","51930","49550","47000","45200","43600","36570","38700","35060","36588","30786","32535","36640","36140","36040","37254","40525","53287"
"ME","4307","Sudeste Rio-grandense (RS)","95450","113330","97840","95180","87471","85899","72738","78705","71535","67430","61500","67930","57990","60377","51643","57070","55943"
"MI","43001","Santa Rosa (RS)","66750","67950","68950","66815","60725","60300","58380","60000","35230","33311","29358","33453","30152","38089","37803","37913","32488"
"MI","43002","Três Passos (RS)","60250","58320","56300","75400","46790","46600","49100","53215","46460","44285","39540","44691","39555","41506","44086","44886","43550"
"MI","43003","Frederico Westphalen (RS)","117610","111680","117120","118970","105830","99425","96850","84010","80451","75845","57550","64355","48180","51480","48850","45860","42802"
"MI","43004","Erechim (RS)","120900","105620","102850","101350","72060","63190","70680","60690","54410","45390","32260","40790","30358","37578","39198","41208","39962"
"MI","43005","Sananduva (RS)","50250","41430","39900","38700","27000","21400","27850","21800","18650","14700","10250","12090","10560","12250","14750","17500","17750"
"MI","43006","Cerro Largo (RS)","44950","45900","48800","48900","42830","39220","38340","34800","21450","18601","17238","19607","17964","18250","18500","19311","17861"
"MI","43007","Santo Ângelo (RS)","54720","54875","56975","60050","45700","40250","37800","35099","34520","36270","36735","50349","40457","51597","52272","54502","51407"
"MI","43008","Ijuí (RS)","34100","32850","35650","37550","26650","24500","27682","26855","24835","23560","18875","25397","21832","24255","23625","22785","20594"
"MI","43009","Carazinho (RS)","69200","62340","72790","67600","54975","60550","67950","62920","48762","44512","35670","41962","35853","38650","41587","40650","36362"
"MI","43010","Passo Fundo (RS)","95970","82650","89420","91120","69075","62675","67120","50060","46900","41355","30780","33940","27240","31560","37680","39325","38885"
"MI","43011","Cruz Alta (RS)","55550","47100","56300","54300","31280","27550","38280","33284","30930","27850","24146","28859","20445","23357","26130","26895","27770"
"MI","43012","Não-Me-Toque (RS)","17400","15750","16620","18980","14420","12720","15100","11850","10160","9560","8460","8888","7310","8130","8680","9175","9205"
"MI","43013","Soledade (RS)","17750","17000","17000","17700","16400","16550","15310","13250","12200","11254","10724","10354","9800","8992","7442","7870","9352"
"MI","43014","Guaporé (RS)","69080","66820","68280","67900","61500","60150","57625","47365","42265","40185","34150","37685","32790","35368","31520","32065","36285"
"MI","43015","Vacaria (RS)","81480","80280","83900","79500","70670","69920","85835","83208","79510","65790","60360","68460","51510","64715","61695","65770","72265"
"MI","43016","Caxias do Sul (RS)","23725","23540","23750","23380","23180","23810","18320","20920","19265","19115","18195","17275","18384","19645","19125","18614","18110"
"MI","43017","Santiago (RS)","31550","27950","26510","28990","21850","19000","21420","16010","14902","16535","11847","14505","11535","11990","11540","12383","14956"
"MI","43018","Santa Maria (RS)","30600","28590","29500","27650","23300","23900","20640","19530","18140","17442","14902","15620","13890","11700","11020","13800","10405"
"MI","43019","Restinga Seca (RS)","16750","16750","15950","14350","13050","12800","12785","12070","10820","10795","8490","8615","8390","7830","7125","7462","7450"
"MI","43020","Santa Cruz do Sul (RS)","83750","83550","83500","81250","75650","75400","68375","68720","67575","67002","61735","60390","55884","51470","43510","45040","44538"
"MI","43021","Lajeado-Estrela (RS)","49010","46395","46882","44205","40400","38795","37145","34920","34355","31540","25735","26110","23905","22555","22300","21535","18635"
"MI","43022","Cachoeira do Sul (RS)","19475","19275","19460","20000","17240","17500","15400","17600","17100","16754","15434","16602","13510","14150","13180","15890","19452"
"MI","43023","Montenegro (RS)","10975","11060","10960","10480","9930","10160","10005","4145","4120","3955","4245","4365","3877","3730","4310","4380","4255"
"MI","43024","Gramado-Canela (RS)","7975","7870","7682","7622","7572","7095","6375","5702","6050","5940","5850","6120","6140","5660","5615","5661","5840"
"MI","43025","São Jerônimo (RS)","16750","16450","15800","13465","13110","14280","13480","11922","8912","7525","7795","8535","6380","7430","6535","7160","7250"
"MI","43026","Porto Alegre (RS)","4494","4721","4648","4326","4265","4817","4253","3855","3768","4208","3768","3584","3496","3521","3520","3501","3801"
"MI","43027","Osório (RS)","7356","6961","7281","7191","7044","7203","7002","7248","6536","5548","5303","5760","5973","6184","6062","5878","6412"
"MI","43028","Camaquã (RS)","16310","18830","18380","17630","17830","18080","18680","18915","19115","17750","17080","18290","16660","15038","15016","15528","16928"
"MI","43029","Campanha Ocidental (RS)","35830","34100","28150","28650","27150","21770","21200","23050","23530","20328","22135","23450","23040","24340","24904","27980","37783"
"MI","43030","Campanha Central (RS)","7450","6450","9350","7150","7150","5200","7000","6860","7900","7900","7900","9300","7900","7850","6950","7250","7402"
"MI","43031","Campanha Meridional (RS)","8650","9000","9500","9400","9300","9600","10500","5150","5158","2558","2500","3890","5200","3850","5400","5295","8102"
"MI","43032","Serras de Sudeste (RS)","27650","29350","24500","23100","23100","15900","15515","19900","16400","13150","12630","13230","14500","14000","12250","11830","12560"
"MI","43033","Pelotas (RS)","61900","78500","68400","66550","60145","65850","53160","54500","52060","49860","44780","50200","40480","42980","36413","42250","38405"
"MI","43034","Jaguarão (RS)","5200","5200","4700","5200","3900","3950","3820","4100","2650","4025","3590","3970","2530","2900","2480","2490","3500"
"MI","43035","Litoral Lagunar (RS)","700","280","240","330","326","199","243","205","425","395","500","530","480","497","500","500","1478"
"Fonte: IBGE - Produção Agrícola Municipal"

"Notas"
"1 - Os municípios sem informação para pelo menos um produto da lavoura temporária não aparecem nas listas;"
"2 - A partir do ano de 2001 as quantidades produzidas dos produtos melancia e melão passam a ser expressas em toneladas. Nos anos anteriores eram expressas em mil frutos. O rendimento médio passa a ser expresso em Kg/ha. Nos anos anteriores era expresso em frutos/ha."
"3 - Veja o documento AlteracoesUnidadesMedidaFrutas.pdf com as alterações de unidades de medida das frutíferas ocorridas em 2001 e a tabela de conversão fruto x quilograma."
"4 - Os produtos girassol e triticale só apresentam informação a partir de 2005."
"5 - A quantidade produzida de abacaxi é expressa em mil frutos e o rendimento médio em frutos/ha."
"6 - Valores para a categoria Total indisponíveis para as variáveis Quantidade produzida e Rendimento médio, pois as unidades de medida diferem para determinados produtos."
"7 - Subentende a possibilidade de cultivos sucessivos ou simultâneos (simples, associados e/ou intercalados) no mesmo ano e no mesmo local, podendo, por isto, a área informada da cultura exceder a área geográfica do município."
"8 - As culturas de abacaxi, cana-de-açúcar, mamona e mandioca são consideradas culturas temporárias de longa duração. Elas costumam ter ciclo vegetativo que ultrapassa 12 meses e, por isso, as informações são computadas nas colheitas realizadas dentro de cada ano civil (12 meses).
Nestas culturas a área plantada refere-se a área destinada à colheita no ano."
"9 - A diferença entre a área plantada e a área colhida na lavoura temporária é considerada como área perdida."
"10 - A variável Área plantada só passou a ser informada a partir de 1988."
"11 - Valor da produção: Variável derivada calculada pela média ponderada das informações de quantidade e preço médio corrente pago ao produtor, de acordo com os períodos de colheita e comercialização de cada produto. As despesas de frete, taxas e impostos não são incluídas no preço."
"12 - Os dados do último ano divulgado são RESULTADOS PRELIMINARES e podem sofrer alterações até a próxima divulgação."
""
"Legenda"
"Símbolo","Significado"
"-","Zero absoluto, não resultante de um cálculo ou arredondamento.
Ex: Em determinado município não existem pessoas de 14 anos de idade sem instrução."
"0","Zero resultante de um cálculo ou arredondamento.
Ex: A inflação do feijão em determinada Região Metropolitana foi 0.
Determinado município produziu 400 kg de sementes de girassol e os dados da tabela são expressos em toneladas."
"X","Valor inibido para não identificar o informante.
Ex: Determinado município só possui uma empresa produtora de cimento, logo o valor de sua produção deve ser inibido."
"..","Valor não se aplica.
Ex: Não se pode obter o total da produção agrícola em determinado município quando os produtos agrícolas são contabilizados com unidades de medida distintas."
"...","Valor não disponível.
Ex: A produção de feijão em determinado município não foi pesquisada ou determinado município não existia no ano da pesquisa."
"A a Z
(exceto X)","Significa uma faixa de valores. Varia em função da tabela (se for o caso).
Ex: O nível de precisão da produção estimada de combustíveis está na faixa A (95 a 100%)"
